qb,att,cmp,yds,ypa,td,int,lg,sack,loss,rate,game_points,home_away,year
Drew BreesD. Brees,49,32,419,8.6,3,0,36,3,23,112.5,34,away,2011
Aaron RodgersA. Rodgers,35,27,312,8.9,3,0,36,2,16,132.1,42,home,2011
Matt HasselbeckM. Hasselbeck,34,21,263,7.7,2,1,80t,2,14,93.1,14,away,2011
Luke McCownL. McCown,24,17,175,7.3,0,0,26,2,15,91.5,16,home,2011
Kerry CollinsK. Collins,31,16,197,6.4,1,0,36,3,25,82.3,7,away,2011
Matt SchaubM. Schaub,24,17,220,9.2,1,2,25,1,3,78.5,34,home,2011
Andy DaltonA. Dalton,15,10,81,5.4,1,0,22,3,11,102.4,27,away,2011
Bruce GradkowskiB. Gradkowski,12,5,92,7.7,1,0,41t,1,7,96.5,27,away,2011
Colt McCoyC. McCoy,40,19,213,5.3,2,1,56,2,11,70.1,17,home,2011
Ryan FitzpatrickR. Fitzpatrick,25,17,208,8.3,4,0,35,1,7,133.0,41,away,2011
Brad SmithB. Smith,1,0,0,0.0,0,1,0,0,0,0.0,41,away,2011
Matt CasselM. Cassel,36,22,119,3.3,1,1,20,2,14,64.5,7,home,2011
Ben RoethlisbergerB. Roethlisberger,41,22,280,6.8,1,3,31,4,34,52.9,7,away,2011
Joe FlaccoJ. Flacco,29,17,224,7.7,3,0,29,1,9,117.6,35,home,2011
Matt RyanM. Ryan,47,31,319,6.8,0,1,32,5,43,76.5,12,away,2011
Jay CutlerJ. Cutler,32,22,312,9.8,2,1,56t,5,23,107.8,30,home,2011
Michael VickM. Vick,32,14,187,5.8,2,0,41,3,20,83.7,31,away,2011
Sam BradfordS. Bradford,30,17,188,6.3,0,0,31,4,22,75.4,13,home,2011
A.J. FeeleyA. Feeley,5,1,21,4.2,0,0,21,1,6,44.6,13,home,2011
Matthew StaffordM. Stafford,33,24,305,9.2,3,1,36t,0,0,118.9,27,away,2011
Josh FreemanJ. Freeman,43,28,259,6.0,1,1,22,2,7,79.5,20,home,2011
Josh JohnsonJ. Johnson,3,1,7,2.3,0,0,7,0,0,42.4,20,home,2011
Eli ManningE. Manning,32,18,268,8.4,0,1,68,4,28,70.8,14,away,2011
Rex GrossmanR. Grossman,34,21,305,9.0,2,0,39,4,47,110.5,28,home,2011
Donovan McNabbD. McNabb,15,7,39,2.6,1,1,12,2,11,47.9,17,away,2011
Philip RiversP. Rivers,48,33,335,7.0,2,2,37,2,5,85.0,24,home,2011
Cam NewtonC. Newton,37,24,422,11.4,2,1,77t,4,19,110.4,21,away,2011
Kevin KolbK. Kolb,27,18,309,11.4,2,0,70t,2,14,130.0,28,home,2011
Tarvaris JacksonT. Jackson,37,21,197,5.3,2,1,55t,5,42,78.3,17,away,2011
Alex SmithA. Smith,20,15,124,6.2,0,0,27,0,0,90.4,33,home,2011
Tony RomoT. Romo,36,23,342,9.5,2,1,64,4,16,101.9,24,away,2011
Mark SanchezM. Sanchez,44,26,335,7.6,2,1,33,4,20,88.7,27,home,2011
Tom BradyT. Brady,48,32,517,10.8,4,1,99t,1,1,121.6,38,away,2011
Chad HenneC. Henne,49,30,416,8.5,2,1,31,4,26,93.6,24,home,2011
Jason CampbellJ. Campbell,22,13,105,4.8,1,0,17,1,6,86.4,23,away,2011
Kyle OrtonK. Orton,46,24,304,6.6,1,1,24,5,32,71.3,20,home,2011
Jay CutlerJ. Cutler,45,19,244,5.4,1,0,30,6,58,67.3,13,away,2011
Drew BreesD. Brees,37,26,270,7.3,3,0,79t,1,6,118.1,30,home,2011
Jason CampbellJ. Campbell,33,23,323,9.8,2,1,50t,0,0,108.5,35,away,2011
Ryan FitzpatrickR. Fitzpatrick,46,28,264,5.7,3,1,19,0,0,89.4,38,home,2011
Brad SmithB. Smith,0,0,0,0.0,0,0,0,1,6,0.0,38,home,2011
Colt McCoyC. McCoy,32,22,211,6.6,1,0,28,1,14,97.3,27,away,2011
Kerry CollinsK. Collins,38,19,191,5.0,1,1,20,2,15,62.5,19,home,2011
Josh FreemanJ. Freeman,31,22,243,7.8,1,1,51,2,13,91.2,24,away,2011
Donovan McNabbD. McNabb,30,18,228,7.6,0,0,42,2,16,83.8,20,home,2011
Aaron RodgersA. Rodgers,30,19,308,10.3,2,0,84t,1,13,119.9,30,away,2011
Cam NewtonC. Newton,46,28,432,9.4,1,3,62,4,28,72.0,23,home,2011
Tarvaris JacksonT. Jackson,29,20,159,5.5,0,0,17,5,26,82.4,0,away,2011
Ben RoethlisbergerB. Roethlisberger,30,22,298,9.9,1,0,53,2,16,115.7,24,home,2011
Emmanuel SandersE. Sanders,1,1,15,15.0,0,0,15,0,0,118.8,24,home,2011
Luke McCownL. McCown,19,6,59,3.1,0,4,25,1,10,1.8,3,away,2011
Blaine GabbertB. Gabbert,6,5,52,8.7,0,0,14,1,10,102.8,3,away,2011
Mark SanchezM. Sanchez,24,17,182,7.6,2,2,37,1,0,85.8,32,home,2011
Joe FlaccoJ. Flacco,32,15,197,6.2,1,2,32,3,13,51.2,13,away,2011
Matt HasselbeckM. Hasselbeck,42,30,358,8.5,1,1,42,0,0,95.1,26,home,2011
Matt CasselM. Cassel,22,15,133,6.0,0,3,45,2,17,44.5,3,away,2011
Tyler PalkoT. Palko,1,0,0,0.0,0,0,0,0,0,39.6,3,away,2011
Matthew StaffordM. Stafford,39,23,294,7.5,4,1,43,0,0,106.1,48,home,2011
Shaun HillS. Hill,1,1,28,28.0,0,0,28,0,0,118.8,48,home,2011
Kevin KolbK. Kolb,30,17,251,8.4,2,1,73t,3,20,92.5,21,away,2011
Rex GrossmanR. Grossman,43,25,291,6.8,2,2,40,1,8,74.9,22,home,2011
Tony RomoT. Romo,33,20,345,10.5,2,0,77,1,5,116.4,27,away,2011
Jon KitnaJ. Kitna,10,6,87,8.7,1,2,33,0,0,82.1,27,away,2011
Alex SmithA. Smith,24,16,179,7.5,2,1,29t,6,47,99.1,24,home,2011
Andy DaltonA. Dalton,41,27,332,8.1,2,0,84,2,22,107.0,22,away,2011
Kyle OrtonK. Orton,25,15,195,7.8,2,0,52t,2,8,111.2,24,home,2011
Philip RiversP. Rivers,40,29,378,9.4,2,2,36,2,6,97.7,21,away,2011
Tom BradyT. Brady,40,31,423,10.6,3,0,33,2,13,135.7,35,home,2011
Matt SchaubM. Schaub,29,21,230,7.9,2,0,43,3,23,118.5,23,away,2011
Chad HenneC. Henne,30,12,170,5.7,1,1,41,2,17,56.2,13,home,2011
Michael VickM. Vick,28,19,242,8.6,2,1,36t,0,0,103.6,31,away,2011
Mike KafkaM. Kafka,9,7,72,8.0,0,0,43,0,0,100.0,31,away,2011
Matt RyanM. Ryan,28,17,195,7.0,4,2,32,4,15,91.5,35,home,2011
Sam BradfordS. Bradford,46,22,331,7.2,1,0,68,2,23,79.2,16,away,2011
Eli ManningE. Manning,30,19,223,7.4,2,1,31,3,19,94.2,28,home,2011
Chad HenneC. Henne,29,19,255,8.8,1,1,38,5,24,90.4,16,away,2011
Colt McCoyC. McCoy,39,19,210,5.4,2,1,33t,0,0,71.5,17,home,2011
Eli ManningE. Manning,23,16,254,11.0,4,0,74t,3,22,145.7,29,away,2011
Michael VickM. Vick,23,16,176,7.7,0,1,24,1,6,73.8,16,home,2011
Mike KafkaM. Kafka,7,4,35,5.0,0,2,19,1,6,31.0,16,home,2011
Matt SchaubM. Schaub,39,22,373,9.6,3,1,62,2,9,103.9,33,away,2011
Drew BreesD. Brees,44,31,370,8.4,3,2,44,2,16,99.6,40,home,2011
Tom BradyT. Brady,45,30,387,8.6,4,4,33,0,0,86.1,31,away,2011
Ryan FitzpatrickR. Fitzpatrick,40,27,369,9.2,2,2,48,0,0,92.6,34,home,2011
Blaine GabbertB. Gabbert,21,12,139,6.6,1,1,36t,2,10,73.3,10,away,2011
Cam NewtonC. Newton,34,18,158,4.6,1,0,18,0,0,75.4,16,home,2011
Alex SmithA. Smith,30,20,201,6.7,0,0,39,5,25,85.6,13,away,2011
Andy DaltonA. Dalton,32,17,157,4.9,0,2,22,1,8,40.8,8,home,2011
Matthew StaffordM. Stafford,46,32,378,8.2,2,0,60,5,40,108.8,26,away,2011
Donovan McNabbD. McNabb,36,22,211,5.9,1,0,24,4,22,86.7,23,home,2011
Kyle OrtonK. Orton,39,24,173,4.4,2,2,32,1,1,67.6,14,away,2011
Matt HasselbeckM. Hasselbeck,36,27,311,8.6,2,0,58,2,16,119.1,17,home,2011
Joe FlaccoJ. Flacco,48,27,389,8.1,3,0,74t,2,4,103.6,37,away,2011
Sam BradfordS. Bradford,32,16,166,5.2,1,1,34t,5,34,62.8,7,home,2011
Mark SanchezM. Sanchez,44,27,369,8.4,2,1,74,4,30,93.8,24,away,2011
Jason CampbellJ. Campbell,27,18,156,5.8,0,0,28,1,7,81.7,34,home,2011
Matt CasselM. Cassel,24,17,176,7.3,2,1,43,1,5,102.1,17,away,2011
Philip RiversP. Rivers,38,24,266,7.0,0,2,26,2,8,62.0,20,home,2011
Matt RyanM. Ryan,47,26,330,7.0,1,1,49,4,35,75.7,13,away,2011
Josh FreemanJ. Freeman,32,22,180,5.6,0,2,24,0,0,56.8,16,home,2011
Aaron RodgersA. Rodgers,38,28,297,7.8,3,1,25,2,5,111.4,27,away,2011
Jay CutlerJ. Cutler,37,21,302,8.2,2,2,40,3,24,78.9,17,home,2011
Kevin KolbK. Kolb,39,25,252,6.5,1,2,28,3,18,69.6,10,away,2011
Tarvaris JacksonT. Jackson,31,18,171,5.5,0,1,32,4,32,60.0,13,home,2011
Ben RoethlisbergerB. Roethlisberger,37,25,364,9.8,1,1,81t,3,23,97.1,23,away,2011
Kerry CollinsK. Collins,29,13,93,3.2,0,0,29,0,0,52.8,20,home,2011
Curtis PainterC. Painter,11,5,60,5.5,0,0,27,1,9,62.7,20,home,2011
Rex GrossmanR. Grossman,37,22,250,6.8,1,1,36,3,17,77.5,16,away,2011
Tony RomoT. Romo,36,22,255,7.1,0,1,30,1,5,70.9,18,home,2011
Drew BreesD. Brees,44,31,351,8.0,1,2,59,3,25,82.7,23,away,2011
Blaine GabbertB. Gabbert,42,16,196,4.7,1,1,47,3,26,51.3,10,home,2011
Cam NewtonC. Newton,46,27,374,8.1,1,1,53,0,0,83.1,29,away,2011
Jay CutlerJ. Cutler,17,9,102,6.0,0,1,22,1,9,46.7,34,home,2011
Matthew StaffordM. Stafford,43,21,240,5.6,2,1,24,0,0,71.9,34,away,2011
Tony RomoT. Romo,47,34,331,7.0,3,3,44,1,10,86.4,30,home,2011
Donovan McNabbD. McNabb,30,18,202,6.7,2,1,41,2,12,88.5,17,away,2011
Matt CasselM. Cassel,29,18,260,9.0,1,0,52t,3,13,102.7,22,home,2011
Ryan FitzpatrickR. Fitzpatrick,34,20,199,5.9,0,0,44,1,9,75.5,20,away,2011
Andy DaltonA. Dalton,36,18,298,8.3,1,2,58,2,11,64.4,23,home,2011
Matt HasselbeckM. Hasselbeck,20,10,220,11.0,3,1,80t,0,0,108.3,31,away,2011
Jake LockerJ. Locker,1,0,0,0.0,0,0,0,0,0,39.6,31,away,2011
Colt McCoyC. McCoy,61,40,350,5.7,1,1,27,3,11,79.3,13,home,2011
Joshua CribbsJ. Cribbs,0,0,0,0.0,0,0,0,1,7,0.0,13,home,2011
Rex GrossmanR. Grossman,29,15,143,4.9,1,2,20,0,0,48.5,17,away,2011
Sam BradfordS. Bradford,43,20,164,3.8,1,0,25,7,37,64.5,10,home,2011
Alex SmithA. Smith,33,21,291,8.8,2,0,44,3,13,112.1,24,away,2011
Michael VickM. Vick,46,30,416,9.0,2,1,61,2,11,99.5,23,home,2011
Ben RoethlisbergerB. Roethlisberger,30,16,206,6.9,0,1,40,5,28,61.2,10,away,2011
Matt SchaubM. Schaub,21,14,138,6.6,1,0,30,0,0,100.9,17,home,2011
Matt RyanM. Ryan,42,28,291,6.9,1,0,45,0,0,94.4,30,away,2011
Tarvaris JacksonT. Jackson,38,25,319,8.4,3,2,52t,0,0,96.3,28,home,2011
Eli ManningE. Manning,40,27,321,8.0,2,0,29t,1,15,108.4,31,away,2011
Kevin KolbK. Kolb,34,20,237,7.0,0,1,47,4,25,67.9,27,home,2011
Tom BradyT. Brady,30,16,226,7.5,2,0,32,1,0,100.1,31,away,2011
Jason CampbellJ. Campbell,39,25,344,8.8,1,2,58,0,0,79.4,19,home,2011
Kyle OrtonK. Orton,32,22,273,8.5,3,3,44,1,8,87.1,23,away,2011
Aaron RodgersA. Rodgers,38,29,408,10.7,4,1,61,2,12,134.5,49,home,2011
Matt FlynnM. Flynn,1,0,0,0.0,0,1,0,0,0,0.0,49,home,2011
Matt MooreM. Moore,26,17,167,6.4,0,1,31,3,18,67.3,16,away,2011
Chad HenneC. Henne,4,3,27,6.8,0,1,18,0,0,53.1,16,away,2011
Philip RiversP. Rivers,31,21,307,9.9,1,0,55t,2,12,110.6,26,home,2011
Mark SanchezM. Sanchez,35,11,119,3.4,0,1,30,2,7,30.5,17,away,2011
Joe FlaccoJ. Flacco,31,10,163,5.3,0,1,52,2,8,37.4,34,home,2011
Curtis PainterC. Painter,30,13,281,9.4,2,0,87t,4,25,99.4,17,away,2011
Josh FreemanJ. Freeman,39,25,287,7.4,1,0,43,2,13,94.7,24,home,2011
Matt HasselbeckM. Hasselbeck,49,29,262,5.3,1,1,25,3,22,72.0,17,away,2011
Ben RoethlisbergerB. Roethlisberger,34,24,228,6.7,5,1,40t,1,4,116.2,38,home,2011
Daniel SepulvedaD. Sepulveda,1,1,33,33.0,0,0,33,0,0,118.8,38,home,2011
Andy DaltonA. Dalton,33,21,179,5.4,2,1,37t,2,17,85.3,30,away,2011
Blaine GabbertB. Gabbert,28,15,221,7.9,1,0,74t,3,21,91.5,20,home,2011
Drew BreesD. Brees,45,32,359,8.0,2,1,30,2,16,100.1,30,away,2011
Cam NewtonC. Newton,31,16,224,7.2,2,1,54t,1,5,83.3,27,home,2011
Jason CampbellJ. Campbell,35,15,190,5.4,2,1,34t,3,6,67.6,25,away,2011
Matt SchaubM. Schaub,51,24,416,8.2,2,2,60,3,13,72.0,20,home,2011
Michael VickM. Vick,40,26,315,7.9,2,4,35,0,0,66.1,24,away,2011
Ryan FitzpatrickR. Fitzpatrick,27,21,193,7.1,1,1,49,1,5,93.4,31,home,2011
Kevin KolbK. Kolb,42,21,232,5.5,0,2,22,4,40,46.9,10,away,2011
Richard BartelR. Bartel,6,2,22,3.7,0,1,12,0,0,5.6,10,away,2011
Donovan McNabbD. McNabb,21,10,169,8.0,0,0,60,1,9,75.3,34,home,2011
Tarvaris JacksonT. Jackson,22,15,166,7.5,1,1,25,4,24,86.6,36,away,2011
Charlie WhitehurstC. Whitehurst,19,11,149,7.8,1,0,27t,2,12,100.5,36,away,2011
Eli ManningE. Manning,39,24,420,10.8,3,3,68t,3,25,91.8,25,home,2011
Matt CasselM. Cassel,29,21,257,8.9,4,0,41t,2,15,138.9,28,away,2011
Curtis PainterC. Painter,27,15,277,10.3,2,0,67t,0,0,115.8,24,home,2011
Josh FreemanJ. Freeman,33,17,187,5.7,0,2,33,2,6,43.4,3,away,2011
Josh JohnsonJ. Johnson,2,1,7,3.5,0,0,7,1,2,58.3,3,away,2011
Alex SmithA. Smith,19,11,170,8.9,3,0,26t,0,0,127.2,48,home,2011
Colin KaepernickC. Kaepernick,3,3,35,11.7,0,0,19,0,0,115.3,48,home,2011
Philip RiversP. Rivers,29,18,250,8.6,1,1,42t,5,38,86.9,29,away,2011
Kyle OrtonK. Orton,13,6,34,2.6,0,1,10,0,0,21.0,24,home,2011
Tim TebowT. Tebow,10,4,79,7.9,1,0,31,0,0,101.7,24,home,2011
Mark SanchezM. Sanchez,26,16,166,6.4,2,0,22,2,8,105.6,21,away,2011
Tom BradyT. Brady,33,24,321,9.7,1,1,73,4,27,100.7,30,home,2011
Aaron RodgersA. Rodgers,39,26,396,10.2,2,0,70t,4,27,117.0,25,away,2011
Matt RyanM. Ryan,32,18,167,5.2,1,2,23,1,11,55.1,14,home,2011
Jay CutlerJ. Cutler,38,28,249,6.6,1,0,28,3,12,99.6,13,away,2011
Matthew StaffordM. Stafford,26,19,219,8.4,2,1,73t,1,5,107.7,24,home,2011
Sam BradfordS. Bradford,45,29,328,7.3,0,1,45,3,22,76.9,3,away,2011
Aaron RodgersA. Rodgers,29,18,316,10.9,3,1,93t,1,7,119.3,24,home,2011
Ryan FitzpatrickR. Fitzpatrick,30,21,244,8.1,2,2,60t,3,25,88.8,24,away,2011
Eli ManningE. Manning,32,21,292,9.1,0,0,60,0,0,94.8,27,home,2011
Curtis PainterC. Painter,34,23,188,5.5,1,1,22,1,9,79.0,17,away,2011
Andy DaltonA. Dalton,32,25,264,8.2,1,0,32,0,0,111.5,27,home,2011
Cam NewtonC. Newton,35,21,237,6.8,0,3,29,1,8,44.6,17,away,2011
Matt RyanM. Ryan,22,14,163,7.4,1,0,34,1,4,101.1,31,home,2011
Alex SmithA. Smith,32,17,125,3.9,1,1,27,2,14,60.0,25,away,2011
Matthew StaffordM. Stafford,50,28,293,5.9,2,0,41,5,49,86.5,19,home,2011
Michael VickM. Vick,31,18,237,7.6,1,1,59,2,7,79.6,20,away,2011
Vince YoungV. Young,1,0,0,0.0,0,1,0,0,0,0.0,20,away,2011
Rex GrossmanR. Grossman,22,9,143,6.5,0,4,45,1,8,23.7,13,home,2011
John BeckJ. Beck,15,8,117,7.8,0,0,32,1,7,79.0,13,home,2011
Blaine GabbertB. Gabbert,26,12,109,4.2,1,0,21,5,33,70.8,13,away,2011
Ben RoethlisbergerB. Roethlisberger,23,12,200,8.7,1,0,48,3,15,96.3,17,home,2011
Colt McCoyC. McCoy,45,21,215,4.8,2,0,23,2,12,75.7,17,away,2011
Kyle BollerK. Boller,14,8,100,7.1,0,0,27,2,9,79.5,24,home,2011
Jason CampbellJ. Campbell,9,6,52,5.8,0,0,21,0,0,81.7,24,home,2011
Shane LechlerS. Lechler,1,1,35,35.0,1,0,35t,0,0,158.3,24,home,2011
Matt SchaubM. Schaub,37,21,220,5.9,1,0,32t,4,20,83.2,14,away,2011
Joe FlaccoJ. Flacco,33,20,305,9.2,0,1,56,2,16,78.5,29,home,2011
Drew BreesD. Brees,45,29,383,8.5,1,3,43,0,0,70.9,20,away,2011
Josh FreemanJ. Freeman,41,23,303,7.4,2,0,65t,0,0,95.9,26,home,2011
Tony RomoT. Romo,41,27,317,7.7,1,1,33,2,17,87.1,16,away,2011
Tom BradyT. Brady,41,27,289,7.0,2,2,45,3,19,82.3,20,home,2011
Donovan McNabbD. McNabb,24,19,177,7.4,0,0,30,5,43,97.4,10,away,2011
Christian PonderC. Ponder,17,9,99,5.8,0,0,23,0,0,70.5,10,away,2011
Joe WebbJ. Webb,1,0,0,0.0,0,0,0,0,0,39.6,10,away,2011
Jay CutlerJ. Cutler,31,21,267,8.6,2,0,48t,1,9,115.9,39,home,2011
Matt MooreM. Moore,34,16,204,6.0,0,2,46,4,14,41.8,6,away,2011
Mark SanchezM. Sanchez,25,14,201,8.0,1,0,38t,1,7,95.6,24,home,2011
LaDainian TomlinsonL. Tomlinson,0,0,0,0.0,0,0,0,1,2,0.0,24,home,2011
Matt SchaubM. Schaub,23,18,296,12.9,2,0,78t,0,0,147.7,41,away,2011
Matt HasselbeckM. Hasselbeck,30,14,104,3.5,1,2,17,1,12,38.8,7,home,2011
Jake LockerJ. Locker,1,1,12,12.0,0,0,12,1,9,116.7,7,home,2011
Jay CutlerJ. Cutler,32,17,226,7.1,1,2,36,2,8,60.2,24,away,2011
Josh FreemanJ. Freeman,51,29,264,5.2,2,4,24t,1,14,51.4,18,home,2011
Micheal SpurlockM. Spurlock,1,0,0,0.0,0,0,0,0,0,39.6,18,home,2011
Charlie WhitehurstC. Whitehurst,30,12,97,3.2,0,1,38,4,28,35.0,3,away,2011
Colt McCoyC. McCoy,35,20,178,5.1,0,1,19,4,19,59.0,6,home,2011
Philip RiversP. Rivers,32,16,179,5.6,1,2,30,1,7,51.4,21,away,2011
Mark SanchezM. Sanchez,33,18,173,5.2,3,1,34,2,17,87.1,27,home,2011
John BeckJ. Beck,37,22,279,7.5,1,1,32,3,18,80.8,20,away,2011
Cam NewtonC. Newton,23,18,256,11.1,1,0,37,4,24,127.5,33,home,2011
Matt RyanM. Ryan,34,20,218,6.4,1,2,49,3,19,63.1,23,away,2011
Chris RedmanC. Redman,1,0,0,0.0,0,0,0,0,0,39.6,23,away,2011
Matthew StaffordM. Stafford,32,15,183,5.7,1,0,57t,3,24,75.4,16,home,2011
Tim TebowT. Tebow,27,13,161,6.0,2,0,42,6,30,91.7,18,away,2011
Matt MooreM. Moore,33,22,197,6.0,1,0,29,4,24,92.6,15,home,2011
Ben RoethlisbergerB. Roethlisberger,39,26,361,9.3,3,0,95t,2,7,121.8,32,away,2011
Kevin KolbK. Kolb,34,18,272,8.0,2,1,73t,2,15,86.9,20,home,2011
Matt CasselM. Cassel,30,15,161,5.4,0,2,21,0,0,38.3,28,away,2011
Carson PalmerC. Palmer,21,8,116,5.5,0,3,30,0,0,17.3,0,home,2011
Kyle BollerK. Boller,14,7,61,4.4,0,3,21,1,10,22.3,0,home,2011
Aaron RodgersA. Rodgers,30,24,335,11.2,3,0,79t,4,28,146.5,33,away,2011
Christian PonderC. Ponder,32,13,219,6.8,2,2,72,2,2,59.2,27,home,2011
A.J. FeeleyA. Feeley,33,20,196,5.9,0,1,34,1,1,64.7,7,away,2011
Tony RomoT. Romo,24,14,166,6.9,2,0,34,2,15,107.3,34,home,2011
Curtis PainterC. Painter,17,9,67,3.9,0,1,15,1,5,38.1,7,away,2011
Dan OrlovskyD. Orlovsky,5,3,35,7.0,0,0,19,0,0,81.2,7,away,2011
Drew BreesD. Brees,35,31,325,9.3,5,0,57,2,4,144.9,62,home,2011
Joe FlaccoJ. Flacco,38,21,137,3.6,1,1,20,3,25,61.0,7,away,2011
Blaine GabbertB. Gabbert,20,9,93,4.7,0,0,24,4,20,59.0,12,home,2011
Kevin KolbK. Kolb,21,10,153,7.3,1,1,66,6,55,68.2,27,away,2011
Joe FlaccoJ. Flacco,51,31,336,6.6,0,1,37,3,38,72.0,30,home,2011
Drew BreesD. Brees,44,30,269,6.1,1,2,25,6,42,73.0,21,away,2011
A.J. FeeleyA. Feeley,37,20,175,4.7,1,0,17,4,35,75.8,31,home,2011
Christian PonderC. Ponder,28,18,236,8.4,1,0,24,4,7,102.7,24,away,2011
Cam NewtonC. Newton,35,22,290,8.3,3,0,44,3,25,117.6,21,home,2011
Curtis PainterC. Painter,49,26,250,5.1,0,2,23,2,9,50.6,10,away,2011
Matt HasselbeckM. Hasselbeck,33,23,224,6.8,1,0,32,1,9,98.5,27,home,2011
Matt MooreM. Moore,22,13,138,6.3,0,1,24,5,37,58.5,17,away,2011
Eli ManningE. Manning,45,31,349,7.8,2,0,26,1,5,106.6,20,home,2011
Blaine GabbertB. Gabbert,30,10,97,3.2,1,2,21,1,7,26.7,14,away,2011
Luke McCownL. McCown,2,0,0,0.0,0,0,0,0,0,39.6,14,away,2011
Matt SchaubM. Schaub,30,16,225,7.5,1,0,30,2,23,88.9,24,home,2011
Matthew StaffordM. Stafford,30,21,267,8.9,3,0,56t,2,9,130.8,45,away,2011
Shaun HillS. Hill,2,1,5,2.5,0,0,5,0,0,56.2,45,away,2011
Tim TebowT. Tebow,39,18,172,4.4,1,1,28,7,55,56.8,10,home,2011
John BeckJ. Beck,33,20,208,6.3,0,2,24,10,56,53.6,0,away,2011
Ryan FitzpatrickR. Fitzpatrick,27,21,262,9.7,2,1,46,2,10,116.4,23,home,2011
Andy DaltonA. Dalton,29,18,168,5.8,2,2,43t,1,8,72.2,34,away,2011
Tarvaris JacksonT. Jackson,40,21,323,8.1,0,1,55,2,19,69.1,12,home,2011
Charlie WhitehurstC. Whitehurst,7,4,52,7.4,0,0,17,2,6,80.7,12,home,2011
Colt McCoyC. McCoy,34,22,241,7.1,1,1,45t,4,17,83.1,10,away,2011
Alex SmithA. Smith,24,15,177,7.4,1,0,41,1,3,98.8,20,home,2011
Tom BradyT. Brady,35,24,198,5.7,2,0,23,3,28,101.8,17,away,2011
Ben RoethlisbergerB. Roethlisberger,50,36,365,7.3,2,1,26,5,36,97.5,25,home,2011
Tony RomoT. Romo,35,18,203,5.8,1,1,70t,4,21,66.7,7,away,2011
Michael VickM. Vick,28,21,279,10.0,2,0,24,4,23,129.9,34,home,2011
Philip RiversP. Rivers,41,26,369,9.0,0,2,39,3,24,72.1,20,away,2011
Matt CasselM. Cassel,32,19,261,8.2,1,2,39t,3,14,69.9,23,home,2011
Tarvaris JacksonT. Jackson,30,17,221,7.4,0,3,43,1,2,40.4,13,away,2011
Tony RomoT. Romo,31,19,279,9.0,2,0,39,0,0,112.2,23,home,2011
Matt RyanM. Ryan,24,14,275,11.5,3,1,80t,1,6,120.7,31,away,2011
Curtis PainterC. Painter,27,13,98,3.6,0,1,16,2,15,41.9,7,home,2011
Dan OrlovskyD. Orlovsky,6,4,20,3.3,0,0,9,0,0,71.5,7,home,2011
Mark SanchezM. Sanchez,28,20,230,8.2,1,1,24,1,8,92.9,27,away,2011
Ryan FitzpatrickR. Fitzpatrick,31,15,191,6.2,1,2,52,0,0,51.9,11,home,2011
Colt McCoyC. McCoy,22,14,146,6.6,1,1,24,4,18,79.0,12,away,2011
Matt SchaubM. Schaub,23,14,119,5.2,0,1,22,0,0,56.3,30,home,2011
Alex SmithA. Smith,24,17,200,8.3,1,0,30t,2,12,109.7,19,away,2011
John BeckJ. Beck,47,30,254,5.4,1,1,17,2,3,76.0,11,home,2011
Josh FreemanJ. Freeman,37,27,281,7.6,1,0,46,1,0,103.5,16,away,2011
Drew BreesD. Brees,36,27,258,7.2,2,1,23,0,0,101.4,27,home,2011
Matt MooreM. Moore,23,17,244,10.6,3,0,35t,0,0,147.5,31,away,2011
Matt CasselM. Cassel,39,20,253,6.5,0,0,37,5,26,71.8,3,home,2011
Andy DaltonA. Dalton,39,22,217,5.6,3,0,25,1,7,97.9,24,away,2011
Matt HasselbeckM. Hasselbeck,41,24,272,6.6,2,0,30,2,22,94.8,17,home,2011
Tim TebowT. Tebow,21,10,124,5.9,2,0,29,1,11,98.1,38,away,2011
Britton ColquittB. Colquitt,1,0,0,0.0,0,0,0,0,0,39.6,38,away,2011
Carson PalmerC. Palmer,35,19,332,9.5,3,3,40t,2,16,79.7,24,home,2011
Eli ManningE. Manning,39,20,250,6.4,2,1,30,0,0,77.9,24,away,2011
Tom BradyT. Brady,49,28,342,7.0,2,2,28,2,10,75.4,20,home,2011
Sam BradfordS. Bradford,36,23,255,7.1,0,1,26,4,22,73.3,13,away,2011
John SkeltonJ. Skelton,35,20,222,6.3,1,0,27,3,30,85.7,19,home,2011
Aaron RodgersA. Rodgers,26,21,247,9.5,4,0,64,4,15,145.8,45,away,2011
Philip RiversP. Rivers,46,26,385,8.4,4,3,38,2,10,85.9,38,home,2011
Joe FlaccoJ. Flacco,47,28,300,6.4,1,0,29,3,11,85.4,23,away,2011
Ben RoethlisbergerB. Roethlisberger,37,20,330,8.9,1,1,32,1,8,82.0,20,home,2011
Jay CutlerJ. Cutler,32,18,208,6.5,2,0,28,0,0,96.9,30,away,2011
Michael VickM. Vick,38,21,213,5.6,0,1,31,1,2,60.5,24,home,2011
Chas HenryC. Henry,1,0,0,0.0,0,0,0,0,0,39.6,24,home,2011
Carson PalmerC. Palmer,20,14,299,14.9,2,1,55,1,1,125.0,24,away,2011
Shane LechlerS. Lechler,1,0,0,0.0,0,0,0,0,0,39.6,24,away,2011
Philip RiversP. Rivers,47,23,274,5.8,2,1,30t,6,35,72.5,17,home,2011
Drew BreesD. Brees,43,30,322,7.5,2,0,36,0,0,106.9,26,away,2011
Matt RyanM. Ryan,52,29,351,6.8,2,1,46,1,8,81.5,23,home,2011
Matthew StaffordM. Stafford,63,33,329,5.2,1,4,40,2,16,46.3,13,away,2011
Jay CutlerJ. Cutler,19,9,123,6.5,0,0,30,2,16,68.5,37,home,2011
Matt ForteM. Forte,1,0,0,0.0,0,0,0,0,0,39.6,37,home,2011
Matt SchaubM. Schaub,15,11,242,16.1,2,0,80t,1,7,154.9,37,away,2011
Josh FreemanJ. Freeman,33,15,170,5.2,1,3,33,4,29,33.6,9,home,2011
Josh JohnsonJ. Johnson,2,0,0,0.0,0,0,0,0,0,39.6,9,home,2011
Sam BradfordS. Bradford,25,15,155,6.2,1,1,24,1,7,74.6,13,away,2011
Colt McCoyC. McCoy,27,20,218,8.1,0,0,52,2,9,97.5,12,home,2011
Ben RoethlisbergerB. Roethlisberger,33,21,245,7.4,1,1,26,5,22,83.5,24,away,2011
Andy DaltonA. Dalton,30,15,170,5.7,2,2,36t,0,0,61.8,17,home,2011
Rex GrossmanR. Grossman,32,21,215,6.7,0,2,22,3,30,58.7,9,away,2011
Matt MooreM. Moore,29,20,209,7.2,0,1,28,2,9,75.2,20,home,2011
Matt HasselbeckM. Hasselbeck,27,15,219,8.1,1,1,43t,1,8,79.1,30,away,2011
Cam NewtonC. Newton,40,23,212,5.3,0,1,19,5,46,61.7,3,home,2011
John SkeltonJ. Skelton,40,21,315,7.9,3,2,42,4,33,82.8,21,away,2011
Michael VickM. Vick,34,16,128,3.8,0,2,20,2,5,32.5,17,home,2011
Tim TebowT. Tebow,8,2,69,8.6,1,0,56t,0,0,102.6,17,away,2011
Matt CasselM. Cassel,28,13,93,3.3,1,0,15,4,16,66.5,10,home,2011
Tyler PalkoT. Palko,6,5,47,7.8,0,0,17,0,0,99.3,10,home,2011
Blaine GabbertB. Gabbert,21,14,118,5.6,1,1,19,2,8,77.1,17,away,2011
Curtis PainterC. Painter,19,13,94,4.9,0,2,29,3,24,40.1,3,home,2011
Dan OrlovskyD. Orlovsky,10,7,67,6.7,0,0,13,2,9,88.3,3,home,2011
Ryan FitzpatrickR. Fitzpatrick,31,20,146,4.7,1,3,21,1,10,46.6,7,away,2011
Tony RomoT. Romo,26,23,270,10.4,3,0,58t,0,0,148.4,44,home,2011
Joe FlaccoJ. Flacco,52,29,255,4.9,1,1,19,1,8,67.4,17,away,2011
Ray RiceR. Rice,1,1,1,1.0,1,0,1t,0,0,118.8,17,away,2011
Tarvaris JacksonT. Jackson,27,17,217,8.0,0,0,50,1,9,88.0,22,home,2011
Eli ManningE. Manning,40,26,311,7.8,2,2,36,1,9,84.5,20,away,2011
Alex SmithA. Smith,30,19,242,8.1,1,1,31t,2,14,85.7,27,home,2011
Tom BradyT. Brady,39,26,329,8.4,3,0,53,0,0,118.4,37,away,2011
Mark SanchezM. Sanchez,39,20,306,7.8,1,2,38,5,38,64.7,16,home,2011
Christian PonderC. Ponder,34,16,190,5.6,0,1,33,3,28,52.3,7,away,2011
Aaron RodgersA. Rodgers,30,23,250,8.3,4,0,25,3,22,140.3,45,home,2011
Matt FlynnM. Flynn,2,2,38,19.0,0,0,31,0,0,118.8,45,home,2011
Mark SanchezM. Sanchez,40,24,252,6.3,0,1,30,3,17,67.9,13,away,2011
Tim TebowT. Tebow,20,9,104,5.2,0,0,28,1,0,61.2,17,home,2011
Eric DeckerE. Decker,1,0,0,0.0,0,0,0,0,0,39.6,17,home,2011
Ryan FitzpatrickR. Fitzpatrick,39,20,209,5.4,0,2,31,2,11,45.8,8,away,2011
Tyler ThigpenT. Thigpen,5,1,6,1.2,0,0,6,0,0,39.6,8,away,2011
Matt MooreM. Moore,20,14,160,8.0,3,0,46,1,13,133.3,35,home,2011
Andy DaltonA. Dalton,45,24,373,8.3,1,3,49t,2,9,60.7,24,away,2011
Bernard ScottB. Scott,1,0,0,0.0,0,0,0,0,0,39.6,24,away,2011
Joe FlaccoJ. Flacco,27,17,270,10.0,2,1,49,1,2,105.5,31,home,2011
Blaine GabbertB. Gabbert,41,22,210,5.1,0,0,28,1,15,68.1,10,away,2011
Colt McCoyC. McCoy,24,17,199,8.3,1,1,51,2,13,92.2,14,home,2011
Tony RomoT. Romo,37,23,292,7.9,3,0,59t,4,28,113.8,27,away,2011
Rex GrossmanR. Grossman,38,25,292,7.7,2,1,28,3,13,95.5,24,home,2011
Josh FreemanJ. Freeman,38,28,342,9.0,2,2,37,2,8,96.6,26,away,2011
Aaron RodgersA. Rodgers,34,23,299,8.8,3,1,40t,2,12,112.3,35,home,2011
Matt HasselbeckM. Hasselbeck,25,13,124,5.0,0,1,20,0,0,49.4,17,away,2011
Jake LockerJ. Locker,19,9,140,7.4,2,0,40t,1,7,107.3,17,away,2011
Matt RyanM. Ryan,32,22,316,9.9,1,0,43,0,0,110.9,23,home,2011
Cam NewtonC. Newton,38,22,280,7.4,1,4,32,1,8,50.2,35,away,2011
Matthew StaffordM. Stafford,36,28,335,9.3,5,2,30,2,9,121.9,49,home,2011
Carson PalmerC. Palmer,23,17,164,7.1,1,0,21,4,25,107.9,27,away,2011
Christian PonderC. Ponder,33,19,211,6.4,2,3,42,5,24,59.0,21,home,2011
John SkeltonJ. Skelton,19,6,99,5.2,0,3,45,1,8,10.5,7,away,2011
Richard BartelR. Bartel,16,8,64,4.0,1,0,23t,1,6,81.2,7,away,2011
Alex SmithA. Smith,38,20,267,7.0,2,1,38,0,0,81.8,23,home,2011
Tarvaris JacksonT. Jackson,24,14,148,6.2,1,2,35,4,40,55.6,24,away,2011
Sidney RiceS. Rice,1,1,55,55.0,0,0,55,0,0,118.8,24,away,2011
Sam BradfordS. Bradford,40,20,181,4.5,1,1,30t,5,38,60.5,7,home,2011
Philip RiversP. Rivers,31,21,280,9.0,2,2,47,0,0,90.8,20,away,2011
Jay CutlerJ. Cutler,31,18,286,9.2,2,1,42,0,0,97.0,31,home,2011
Adam PodleshA. Podlesh,1,0,0,0.0,0,0,0,0,0,39.6,31,home,2011
Vince YoungV. Young,36,23,258,7.2,2,3,32,1,3,69.0,17,away,2011
Eli ManningE. Manning,35,18,264,7.5,1,1,47,3,15,74.0,10,home,2011
Tyler PalkoT. Palko,37,24,230,6.2,0,3,28,3,21,48.3,3,away,2011
Tom BradyT. Brady,27,15,234,8.7,2,0,52t,3,11,109.2,34,home,2011
Aaron RodgersA. Rodgers,33,22,307,9.3,2,0,65t,2,11,116.6,27,away,2011
Matthew StaffordM. Stafford,45,32,276,6.1,1,3,23,1,3,66.5,15,home,2011
Matt MooreM. Moore,32,19,288,9.0,1,0,41,4,25,99.5,19,away,2011
Tony RomoT. Romo,34,22,226,6.6,2,2,23,1,8,78.8,20,home,2011
Alex SmithA. Smith,24,15,140,5.8,0,1,20,9,44,61.1,6,away,2011
Joe FlaccoJ. Flacco,23,15,161,7.0,1,0,22,0,0,100.1,16,home,2011
Cam NewtonC. Newton,27,20,208,7.7,0,0,30,3,32,95.9,27,away,2011
Curtis PainterC. Painter,29,15,226,7.8,1,2,56t,2,8,60.4,19,home,2011
Josh FreemanJ. Freeman,33,18,199,6.0,1,1,35,2,13,70.1,17,away,2011
Matt HasselbeckM. Hasselbeck,34,19,160,4.7,1,2,20,2,10,53.6,23,home,2011
T.J. YatesT. Yates,15,8,70,4.7,0,0,24,0,0,66.0,20,away,2011
Matt LeinartM. Leinart,13,10,57,4.4,1,0,20t,0,0,110.1,20,away,2011
Blaine GabbertB. Gabbert,29,13,136,4.7,0,1,31,6,35,44.6,13,home,2011
Luke McCownL. McCown,11,7,62,5.6,0,0,25,1,13,78.6,13,home,2011
John SkeltonJ. Skelton,23,12,114,5.0,0,2,41,3,8,30.0,23,away,2011
Sam BradfordS. Bradford,31,17,203,6.5,1,0,35,2,17,85.8,20,home,2011
Brandon LloydB. Lloyd,1,0,0,0.0,0,0,0,0,0,39.6,20,home,2011
Ryan FitzpatrickR. Fitzpatrick,39,26,264,6.8,3,0,36t,3,14,111.5,24,away,2011
Mark SanchezM. Sanchez,35,17,180,5.1,4,1,22,0,0,90.2,28,home,2011
Colt McCoyC. McCoy,34,16,151,4.4,2,1,36,2,11,67.2,20,away,2011
Andy DaltonA. Dalton,31,21,270,8.7,1,0,51,2,13,105.6,23,home,2011
Christian PonderC. Ponder,25,17,186,7.4,1,0,39t,4,24,103.1,14,away,2011
Matt RyanM. Ryan,34,27,262,7.7,3,0,27t,2,16,128.2,24,home,2011
Rex GrossmanR. Grossman,35,26,314,9.0,2,2,50t,1,8,96.6,23,away,2011
Tarvaris JacksonT. Jackson,30,14,144,4.8,2,1,24,2,18,69.3,17,home,2011
Caleb HanieC. Hanie,36,18,254,7.1,2,3,81,4,25,56.9,20,away,2011
Carson PalmerC. Palmer,37,21,301,8.1,0,1,47,4,33,72.0,25,home,2011
Tom BradyT. Brady,34,24,361,10.6,3,0,63,1,8,134.6,38,away,2011
Vince YoungV. Young,48,26,400,8.3,1,1,58,2,7,80.2,20,home,2011
Tim TebowT. Tebow,18,9,143,7.9,1,0,39,1,2,95.4,16,away,2011
Philip RiversP. Rivers,36,19,188,5.2,1,0,30,3,29,77.1,13,home,2011
Ben RoethlisbergerB. Roethlisberger,31,21,193,6.2,1,1,34,1,11,81.8,13,away,2011
Tyler PalkoT. Palko,28,18,167,6.0,0,3,25,1,5,40.9,9,home,2011
Eli ManningE. Manning,47,33,406,8.6,2,1,72t,1,14,101.9,24,away,2011
Drew BreesD. Brees,38,24,363,9.6,4,0,50,0,0,129.6,49,home,2011
Chase DanielC. Daniel,1,1,9,9.0,0,0,9,0,0,104.2,49,home,2011
Vince YoungV. Young,29,17,208,7.2,1,4,47,2,10,52.7,14,away,2011
Tarvaris JacksonT. Jackson,16,13,190,11.9,1,0,28,3,17,137.0,31,home,2011
Mark SanchezM. Sanchez,32,19,165,5.2,1,0,30t,0,0,83.5,34,away,2011
Rex GrossmanR. Grossman,46,19,221,4.8,0,1,42,2,17,47.5,19,home,2011
Matt RyanM. Ryan,47,20,267,5.7,1,2,26,0,0,50.6,10,away,2011
T.J. YatesT. Yates,25,12,188,7.5,1,0,50,3,13,86.8,17,home,2011
Tyler PalkoT. Palko,30,17,157,5.2,1,0,38t,2,18,82.2,10,away,2011
Kyle OrtonK. Orton,1,0,0,0.0,0,0,0,0,0,39.6,10,away,2011
Caleb HanieC. Hanie,24,11,133,5.5,0,3,28,7,45,23.8,3,home,2011
Joe FlaccoJ. Flacco,23,10,158,6.9,0,0,32,1,0,66.9,24,away,2011
Colt McCoyC. McCoy,35,17,192,5.5,1,1,52,3,22,63.0,10,home,2011
Seneca WallaceS. Wallace,1,1,4,4.0,0,0,4,0,0,83.3,10,home,2011
Matt HasselbeckM. Hasselbeck,25,16,140,5.6,0,0,21,1,10,78.8,23,away,2011
Ryan FitzpatrickR. Fitzpatrick,46,29,288,6.3,1,0,29,1,6,88.0,17,home,2011
Andy DaltonA. Dalton,24,11,135,5.6,1,0,43,3,24,77.6,7,away,2011
Bruce GradkowskiB. Gradkowski,6,3,17,2.8,0,1,8,0,0,16.7,7,away,2011
Ben RoethlisbergerB. Roethlisberger,23,15,176,7.7,2,0,45,2,13,117.3,35,home,2011
Charlie BatchC. Batch,0,0,0,0.0,0,0,0,1,4,0.0,35,home,2011
Matthew StaffordM. Stafford,44,31,408,9.3,1,1,49,3,29,97.5,17,away,2011
Drew BreesD. Brees,36,26,342,9.5,3,0,67t,2,4,129.6,31,home,2011
Cam NewtonC. Newton,21,12,204,9.7,1,0,31,2,9,106.1,38,away,2011
Legedu NaaneeL. Naanee,1,1,27,27.0,0,0,27,0,0,118.8,38,away,2011
Josh JohnsonJ. Johnson,27,16,229,8.5,1,1,42,2,22,83.7,19,home,2011
Carson PalmerC. Palmer,41,20,273,6.7,2,1,40t,2,15,76.6,14,away,2011
Matt MooreM. Moore,25,13,162,6.5,1,0,38,1,9,85.8,34,home,2011
Tim TebowT. Tebow,15,10,202,13.5,2,0,42,2,16,149.3,35,away,2011
Christian PonderC. Ponder,47,29,381,8.1,3,2,52t,3,29,90.8,32,home,2011
Joe WebbJ. Webb,1,1,8,8.0,0,0,8,0,0,100.0,32,home,2011
Aaron RodgersA. Rodgers,46,28,369,8.0,4,1,33,2,9,106.2,38,away,2011
Randall CobbR. Cobb,1,0,0,0.0,0,0,0,0,0,39.6,38,away,2011
Eli ManningE. Manning,40,23,347,8.7,3,1,67t,1,0,100.7,35,home,2011
Tony RomoT. Romo,42,28,299,7.1,1,0,36,5,38,95.2,13,away,2011
Kevin KolbK. Kolb,25,16,247,9.9,1,0,52t,5,23,109.9,19,home,2011
A.J. FeeleyA. Feeley,22,12,156,7.1,0,1,34,4,30,58.1,0,away,2011
Alex SmithA. Smith,23,17,274,11.9,2,0,56t,4,29,142.3,26,home,2011
Colin KaepernickC. Kaepernick,2,0,0,0.0,0,0,0,0,0,39.6,26,home,2011
Dan OrlovskyD. Orlovsky,37,30,353,9.5,2,1,40,2,15,113.2,24,away,2011
Tom BradyT. Brady,38,29,289,7.6,2,0,23,1,0,114.9,31,home,2011
Philip RiversP. Rivers,28,22,294,10.5,3,0,52t,0,0,146.1,38,away,2011
Blaine GabbertB. Gabbert,33,19,195,5.9,2,1,48,2,18,82.3,14,home,2011
Colt McCoyC. McCoy,35,18,209,6.0,0,2,33,3,16,46.0,3,away,2011
Seneca WallaceS. Wallace,1,1,13,13.0,0,0,13,0,0,118.8,3,away,2011
Ben RoethlisbergerB. Roethlisberger,21,16,280,13.3,2,1,79t,1,5,129.6,14,home,2011
Charlie BatchC. Batch,2,0,0,0.0,0,0,0,1,6,39.6,14,home,2011
Matt RyanM. Ryan,38,22,320,8.4,4,0,75t,3,12,120.5,31,away,2011
Cam NewtonC. Newton,39,19,276,7.1,2,2,48,2,17,67.9,23,home,2011
Josh FreemanJ. Freeman,30,16,181,6.0,0,2,28,3,14,43.9,14,away,2011
Josh JohnsonJ. Johnson,2,1,3,1.5,0,1,3,0,0,16.7,14,away,2011
Blaine GabbertB. Gabbert,33,19,217,6.6,2,2,62,1,8,72.4,41,home,2011
T.J. YatesT. Yates,44,26,300,6.8,2,1,27,5,32,85.4,20,away,2011
Andy DaltonA. Dalton,28,16,189,6.8,1,0,36,1,5,89.7,19,home,2011
Joe WebbJ. Webb,23,12,84,3.7,1,0,17,1,15,75.3,28,away,2011
Christian PonderC. Ponder,21,11,115,5.5,2,3,28,3,28,60.7,28,away,2011
Matthew StaffordM. Stafford,29,20,227,7.8,2,0,57t,5,19,115.2,34,home,2011
Tom BradyT. Brady,37,22,357,9.6,3,1,50,1,5,107.6,34,away,2011
Rex GrossmanR. Grossman,32,19,252,7.9,2,1,51,2,8,92.2,27,home,2011
Brandon BanksB. Banks,1,1,49,49.0,1,0,49t,0,0,158.3,27,home,2011
Carson PalmerC. Palmer,42,24,247,5.9,1,4,34,1,7,42.6,16,away,2011
Shane LechlerS. Lechler,1,0,0,0.0,0,0,0,0,0,39.6,16,away,2011
Aaron RodgersA. Rodgers,30,17,281,9.4,2,1,37t,3,20,96.7,46,home,2011
Matt FlynnM. Flynn,2,0,0,0.0,0,0,0,1,6,39.6,46,home,2011
Tyler PalkoT. Palko,32,16,195,6.1,1,1,24t,5,39,66.5,10,away,2011
Mark SanchezM. Sanchez,21,13,181,8.6,2,0,36,3,26,121.3,37,home,2011
Drew BreesD. Brees,47,36,337,7.2,2,0,35t,2,14,110.0,22,away,2011
Jake LockerJ. Locker,29,13,282,9.7,1,0,54,2,12,91.5,17,home,2011
Matt HasselbeckM. Hasselbeck,7,5,44,6.3,0,0,14,0,0,87.8,17,home,2011
Dan OrlovskyD. Orlovsky,37,17,136,3.7,1,1,13t,4,19,53.4,10,away,2011
Joe FlaccoJ. Flacco,31,23,227,7.3,2,1,26,2,15,102.5,24,home,2011
Michael VickM. Vick,30,15,208,6.9,1,1,34t,4,20,69.9,26,away,2011
Matt MooreM. Moore,19,11,95,5.0,1,1,21,4,22,66.8,10,home,2011
J.P. LosmanJ. Losman,10,6,60,6.0,0,0,25,5,38,77.1,10,home,2011
Caleb HanieC. Hanie,19,12,115,6.1,0,0,19,4,29,79.9,10,away,2011
Tim TebowT. Tebow,40,21,236,5.9,1,1,23,5,15,68.3,13,home,2011
Alex SmithA. Smith,37,18,175,4.7,0,0,32,5,32,62.3,19,away,2011
John SkeltonJ. Skelton,28,19,282,10.1,3,2,60t,1,5,106.5,21,home,2011
Kevin KolbK. Kolb,1,1,2,2.0,0,0,2,1,9,79.2,21,home,2011
Ryan FitzpatrickR. Fitzpatrick,34,13,176,5.2,0,2,53,1,10,31.0,10,away,2011
Tyler ThigpenT. Thigpen,3,2,19,6.3,0,1,13,0,0,44.4,10,away,2011
Philip RiversP. Rivers,33,24,240,7.3,3,0,26t,2,24,123.3,37,home,2011
Eli ManningE. Manning,47,27,400,8.5,2,1,64,0,0,90.7,37,away,2011
Tony RomoT. Romo,31,21,321,10.4,4,0,74,3,16,141.3,34,home,2011
Sam BradfordS. Bradford,29,12,193,6.7,0,1,50,3,26,49.9,13,away,2011
Tarvaris JacksonT. Jackson,32,21,224,7.0,1,0,29t,2,10,96.4,30,home,2011
Marshawn LynchM. Lynch,2,0,0,0.0,0,0,0,0,0,39.6,30,home,2011
Blaine GabbertB. Gabbert,22,12,141,6.4,1,1,22,5,50,70.5,14,away,2011
Matt RyanM. Ryan,26,19,224,8.6,3,0,29t,1,4,137.3,41,home,2011
Chris RedmanC. Redman,6,5,56,9.3,0,0,22,0,0,105.6,41,home,2011
Tony RomoT. Romo,30,23,249,8.3,3,0,28,2,10,133.9,31,away,2011
Josh FreemanJ. Freeman,27,17,148,5.5,1,0,17,3,16,89.7,15,home,2011
Tarvaris JacksonT. Jackson,31,19,227,7.3,1,0,43,1,1,94.4,38,away,2011
Caleb HanieC. Hanie,23,10,111,4.8,1,3,25t,4,34,33.3,14,home,2011
Josh McCownJ. McCown,2,1,12,6.0,0,1,12,0,0,29.2,14,home,2011
Drew BreesD. Brees,40,32,412,10.3,5,0,47t,0,0,149.2,42,away,2011
Chase DanielC. Daniel,1,0,0,0.0,0,0,0,0,0,39.6,42,away,2011
Christian PonderC. Ponder,31,14,120,3.9,2,1,16t,4,18,63.9,20,home,2011
Joe WebbJ. Webb,1,0,0,0.0,0,0,0,0,0,39.6,20,home,2011
Rex GrossmanR. Grossman,24,15,185,7.7,1,2,20t,1,8,65.5,23,away,2011
Eli ManningE. Manning,40,23,257,6.4,0,3,34,3,24,45.5,10,home,2011
Matt MooreM. Moore,20,10,217,10.8,2,0,65t,2,23,122.3,30,away,2011
Ryan FitzpatrickR. Fitzpatrick,47,31,316,6.7,2,3,28,3,25,72.7,23,home,2011
Aaron RodgersA. Rodgers,35,17,235,6.7,1,0,41,4,22,80.1,14,away,2011
Kyle OrtonK. Orton,31,23,299,9.6,0,0,39,0,0,104.1,19,home,2011
Matt HasselbeckM. Hasselbeck,40,27,223,5.6,0,2,27,0,0,60.7,13,away,2011
Jake LockerJ. Locker,16,11,108,6.8,1,0,15,1,9,108.3,13,away,2011
Dan OrlovskyD. Orlovsky,17,11,82,4.8,1,0,18t,0,0,95.7,27,home,2011
Cam NewtonC. Newton,23,13,149,6.5,2,0,26t,2,10,105.2,28,away,2011
Armanti EdwardsA. Edwards,1,1,11,11.0,0,0,11,0,0,112.5,28,away,2011
T.J. YatesT. Yates,30,19,212,7.1,0,2,25,2,4,56.5,13,home,2011
Andy DaltonA. Dalton,26,15,179,6.9,0,1,55,1,6,62.8,20,away,2011
Kellen ClemensK. Clemens,36,25,229,6.4,1,0,25t,3,19,95.7,13,home,2011
Matthew StaffordM. Stafford,52,29,391,7.5,4,0,51t,2,16,105.5,28,away,2011
Carson PalmerC. Palmer,40,32,367,9.2,1,0,43t,3,22,113.2,27,home,2011
Seneca WallaceS. Wallace,31,18,226,7.3,1,0,76t,2,13,91.6,17,away,2011
John SkeltonJ. Skelton,46,28,313,6.8,1,1,32,4,24,79.3,20,home,2011
Mark SanchezM. Sanchez,26,15,150,5.8,2,2,41,4,30,67.8,19,away,2011
Mark BrunellM. Brunell,3,1,27,9.0,0,0,27,0,0,67.4,19,away,2011
Michael VickM. Vick,22,15,274,12.5,1,1,73,0,0,107.0,45,home,2011
Vince YoungV. Young,0,0,0,0.0,0,0,0,3,14,0.0,45,home,2011
Tom BradyT. Brady,34,23,320,9.4,2,0,46,2,10,117.3,41,away,2011
Tim TebowT. Tebow,22,11,194,8.8,0,0,39,4,53,80.5,23,home,2011
Demaryius ThomasD. Thomas,1,0,0,0.0,0,0,0,0,0,39.6,23,home,2011
Joe FlaccoJ. Flacco,34,23,226,6.6,2,2,36t,5,40,81.3,14,away,2011
Tyrod TaylorT. Taylor,1,1,18,18.0,0,0,18,2,3,118.8,14,away,2011
Philip RiversP. Rivers,23,17,270,11.7,1,0,58,0,0,127.1,34,home,2011
Ben RoethlisbergerB. Roethlisberger,44,25,330,7.5,0,3,39,3,25,52.3,3,away,2011
Alex SmithA. Smith,31,18,187,6.0,1,0,31,0,0,86.4,20,home,2011
T.J. YatesT. Yates,16,13,132,8.2,0,0,29,4,20,101.0,16,away,2011
Dan OrlovskyD. Orlovsky,41,23,244,6.0,1,0,34,3,19,81.8,19,home,2011
Christian PonderC. Ponder,13,8,68,5.2,0,0,14,1,1,75.2,33,away,2011
Joe WebbJ. Webb,5,4,84,16.8,2,0,36,1,3,158.3,33,away,2011
Rex GrossmanR. Grossman,41,26,284,6.9,2,1,29,3,28,89.9,26,home,2011
John SkeltonJ. Skelton,44,23,297,6.8,2,3,39,5,40,60.5,16,away,2011
Andy DaltonA. Dalton,31,18,154,5.0,2,0,19t,2,18,92.7,23,home,2011
Josh FreemanJ. Freeman,38,28,274,7.2,1,1,29,3,16,91.3,16,away,2011
Cam NewtonC. Newton,17,12,171,10.1,3,0,91t,1,8,142.4,48,home,2011
Eli ManningE. Manning,27,9,225,8.3,1,1,99t,2,8,61.5,29,away,2011
Mark SanchezM. Sanchez,59,30,258,4.4,1,2,15,5,32,54.2,14,home,2011
Tim TebowT. Tebow,29,13,185,6.4,1,3,47,4,33,37.9,14,away,2011
Ryan FitzpatrickR. Fitzpatrick,27,15,196,7.3,0,0,55,1,5,78.6,40,home,2011
Blaine GabbertB. Gabbert,42,21,198,4.7,0,1,22,1,11,53.5,17,away,2011
Matt HasselbeckM. Hasselbeck,40,24,350,8.8,1,2,55t,1,8,76.0,23,home,2011
Kellen ClemensK. Clemens,24,9,91,3.8,0,0,17,3,23,49.1,0,away,2011
Charlie BatchC. Batch,22,15,208,9.5,0,1,46,0,0,79.4,27,home,2011
Matt MooreM. Moore,32,16,281,8.8,3,1,47,5,28,98.6,24,away,2011
Tom BradyT. Brady,46,27,304,6.6,1,0,42,4,23,85.8,27,home,2011
Seneca WallaceS. Wallace,33,19,147,4.5,1,1,23,2,8,66.1,14,away,2011
Joe FlaccoJ. Flacco,24,11,132,5.5,2,1,42t,1,10,73.6,20,home,2011
Carson PalmerC. Palmer,26,16,237,9.1,1,2,61t,0,0,72.1,16,away,2011
Kyle OrtonK. Orton,36,21,300,8.3,1,2,49,0,0,71.5,13,home,2011
Philip RiversP. Rivers,53,28,299,5.6,1,2,30,0,0,60.2,10,away,2011
Matthew StaffordM. Stafford,36,29,373,10.4,3,0,46,3,20,137.6,38,home,2011
Michael VickM. Vick,32,18,293,9.2,2,0,39,2,12,107.9,20,away,2011
Stephen McGeeS. McGee,38,24,182,4.8,1,0,19,3,25,83.4,7,home,2011
Tony RomoT. Romo,2,0,0,0.0,0,0,0,0,0,39.6,7,home,2011
Alex SmithA. Smith,26,14,179,6.9,0,0,41,2,8,75.6,19,away,2011
Tarvaris JacksonT. Jackson,28,15,163,5.8,1,0,44,4,22,82.9,17,home,2011
Josh McCownJ. McCown,28,19,242,8.6,1,2,49,0,0,76.8,21,away,2011
Aaron RodgersA. Rodgers,29,21,283,9.8,5,0,55t,0,0,142.7,35,home,2011
Matt FlynnM. Flynn,0,0,0,0.0,0,0,0,1,1,0.0,35,home,2011
Matt RyanM. Ryan,52,34,373,7.2,1,0,40,0,0,92.9,16,away,2011
Chris RedmanC. Redman,9,6,61,6.8,0,0,18,0,0,85.9,16,away,2011
Drew BreesD. Brees,39,23,307,7.9,4,2,41,1,8,96.8,45,home,2011
Mark SanchezM. Sanchez,32,21,207,6.5,2,3,30,2,3,65.5,17,away,2011
Jeremy KerleyJ. Kerley,1,1,41,41.0,0,0,41,0,0,118.8,17,away,2011
Matt MooreM. Moore,32,22,135,4.2,1,2,19,1,7,61.3,19,home,2011
Matthew StaffordM. Stafford,59,36,520,8.8,5,2,41,2,18,103.8,41,away,2011
Matt FlynnM. Flynn,44,31,480,10.9,6,1,80t,3,11,136.4,45,home,2011
Cam NewtonC. Newton,25,15,158,6.3,1,1,22,2,21,75.1,17,away,2011
Drew BreesD. Brees,35,28,389,11.1,5,1,42t,0,0,140.7,45,home,2011
Chase DanielC. Daniel,3,3,20,6.7,0,0,14,0,0,94.4,45,home,2011
Matt HasselbeckM. Hasselbeck,35,22,297,8.5,2,0,55,3,22,108.9,23,away,2011
Jake DelhommeJ. Delhomme,28,18,211,7.5,1,0,40,2,18,99.0,22,home,2011
T.J. YatesT. Yates,4,4,47,11.8,0,0,15,1,5,115.6,22,home,2011
Josh McCownJ. McCown,25,15,160,6.4,1,1,22t,7,43,75.4,17,away,2011
Joe WebbJ. Webb,32,17,200,6.2,0,2,23,1,3,46.4,13,home,2011
Christian PonderC. Ponder,10,4,28,2.8,0,1,11,1,3,8.3,13,home,2011
Rex GrossmanR. Grossman,45,22,256,5.7,1,1,47t,1,9,64.7,10,away,2011
Michael VickM. Vick,39,24,335,8.6,3,1,62t,2,20,104.1,34,home,2011
Josh FreemanJ. Freeman,45,31,274,6.1,2,3,48,2,15,71.9,24,away,2011
Chris RedmanC. Redman,12,7,71,5.9,0,1,18,0,0,40.6,45,home,2011
Matt RyanM. Ryan,9,6,106,11.8,2,0,48t,0,0,146.3,45,home,2011
Alex SmithA. Smith,30,20,213,7.1,1,0,44,3,22,98.3,34,away,2011
David AkersD. Akers,1,1,14,14.0,1,0,14t,0,0,158.3,34,away,2011
Kellen ClemensK. Clemens,31,14,226,7.3,1,1,36t,3,26,67.4,27,home,2011
Tom BrandstaterT. Brandstater,2,0,0,0.0,0,0,0,0,0,39.6,27,home,2011
Jerious NorwoodJ. Norwood,1,0,0,0.0,0,1,0,0,0,0.0,27,home,2011
Ryan FitzpatrickR. Fitzpatrick,46,29,307,6.7,2,4,29,2,11,60.7,21,away,2011
Tom BradyT. Brady,35,23,338,9.7,3,1,53,4,18,113.8,49,home,2011
Brian HoyerB. Hoyer,1,1,22,22.0,0,0,22,0,0,118.8,49,home,2011
Joe FlaccoJ. Flacco,19,15,130,6.8,1,0,39,1,4,112.7,24,away,2011
Andy DaltonA. Dalton,44,22,232,5.3,0,0,31,1,1,65.7,16,home,2011
Tony RomoT. Romo,37,29,289,7.8,2,1,34t,6,38,106.0,14,away,2011
Eli ManningE. Manning,33,24,346,10.5,3,0,74t,2,15,136.7,31,home,2011
Dan OrlovskyD. Orlovsky,40,27,264,6.6,1,2,21,3,22,73.3,13,away,2011
Blaine GabbertB. Gabbert,19,11,92,4.8,1,0,23t,3,21,88.0,19,home,2011
Ben RoethlisbergerB. Roethlisberger,40,23,221,5.5,0,0,40,2,22,73.0,13,away,2011
Seneca WallaceS. Wallace,41,16,177,4.3,0,1,23,2,9,42.4,9,home,2011
Kyle OrtonK. Orton,29,15,180,6.2,0,0,22,1,5,71.0,7,away,2011
Tim TebowT. Tebow,22,6,60,2.7,0,1,17,2,10,20.6,3,home,2011
Tarvaris JacksonT. Jackson,35,21,222,6.3,1,1,61t,4,31,76.1,20,away,2011
John SkeltonJ. Skelton,40,22,271,6.8,1,1,41,2,14,74.1,23,home,2011
Philip RiversP. Rivers,26,19,310,11.9,3,1,43t,0,0,135.1,38,away,2011
Carson PalmerC. Palmer,43,28,417,9.7,2,1,78,0,0,102.6,26,home,2011
